{"cameraMode":{"drawMode":0,"name":"Shaded","section":"Shading Mode"},"sceneLighting":true,"audioPlay":false,"sceneViewState":{"showFog":true,"showMaterialUpdate":true,"showSkybox":true,"showFlares":true,"showImageEffects":true,"showParticleSystems":true},"in2DMode":false,"pivot":{"x":253.64418029785157,"y":46.65597152709961,"z":501.2887268066406},"rotation":{"x":0.009317771531641484,"y":-0.9897218346595764,"z":0.1235591322183609,"w":0.07355320453643799},"size":25.1435604095459,"orthographic":false}