{"cameraMode":{"drawMode":0,"name":"Shaded","section":"Shading Mode"},"sceneLighting":false,"audioPlay":false,"sceneViewState":{"showFog":true,"showMaterialUpdate":false,"showSkybox":false,"showFlares":true,"showImageEffects":true,"showParticleSystems":true},"in2DMode":false,"pivot":{"x":155.73948669433595,"y":-144.5448455810547,"z":216.18881225585938},"rotation":{"x":-0.33363956212997439,"y":-0.25212106108665469,"z":0.09309308230876923,"w":-0.9035897254943848},"size":259.64312744140627,"orthographic":false}